{
  "images": [
    {
      "idiom": "universal",
      "platform": "ios",
      "scale": "2x",
      "size": "20x20",
      "filename": "icon-ios-20x20@2x.png"
    },
    {
      "idiom": "universal",
      "platform": "ios",
      "scale": "3x",
      "size": "20x20",
      "filename": "icon-ios-20x20@3x.png"
    },
    {
      "idiom": "universal",
      "platform": "ios",
      "scale": "2x",
      "size": "29x29",
      "filename": "icon-ios-29x29@2x.png"
    },
    {
      "idiom": "universal",
      "platform": "ios",
      "scale": "3x",
      "size": "29x29",
      "filename": "icon-ios-29x29@3x.png"
    },
    {
      "idiom": "universal",
      "platform": "ios",
      "scale": "2x",
      "size": "38x38",
      "filename": "icon-ios-38x38@2x.png"
    },
    {
      "idiom": "universal",
      "platform": "ios",
      "scale": "3x",
      "size": "38x38",
      "filename": "icon-ios-38x38@3x.png"
    },
    {
      "idiom": "universal",
      "platform": "ios",
      "scale": "2x",
      "size": "40x40",
      "filename": "icon-ios-40x40@2x.png"
    },
    {
      "idiom": "universal",
      "platform": "ios",
      "scale": "3x",
      "size": "40x40",
      "filename": "icon-ios-40x40@3x.png"
    },
    {
      "idiom": "universal",
      "platform": "ios",
      "scale": "2x",
      "size": "60x60",
      "filename": "icon-ios-60x60@2x.png"
    },
    {
      "idiom": "universal",
      "platform": "ios",
      "scale": "3x",
      "size": "60x60",
      "filename": "icon-ios-60x60@3x.png"
    },
    {
      "idiom": "universal",
      "platform": "ios",
      "scale": "2x",
      "size": "64x64",
      "filename": "icon-ios-64x64@2x.png"
    },
    {
      "idiom": "universal",
      "platform": "ios",
      "scale": "3x",
      "size": "64x64",
      "filename": "icon-ios-64x64@3x.png"
    },
    {
      "idiom": "universal",
      "platform": "ios",
      "scale": "2x",
      "size": "68x68",
      "filename": "icon-ios-68x68@2x.png"
    },
    {
      "idiom": "universal",
      "platform": "ios",
      "scale": "2x",
      "size": "76x76",
      "filename": "icon-ios-76x76@2x.png"
    },
    {
      "idiom": "universal",
      "platform": "ios",
      "scale": "2x",
      "size": "83.5x83.5",
      "filename": "icon-ios-83.5x83.5@2x.png"
    },
    {
      "idiom": "universal",
      "platform": "ios",
      "size": "1024x1024",
      "filename": "icon-ios-1024x1024.png"
    },
    {
      "idiom": "mac",
      "scale": "1x",
      "size": "16x16",
      "filename": "icon-mac-16x16.png"
    },
    {
      "idiom": "mac",
      "scale": "2x",
      "size": "16x16",
      "filename": "icon-mac-16x16@2x.png"
    },
    {
      "idiom": "mac",
      "scale": "1x",
      "size": "32x32",
      "filename": "icon-mac-32x32.png"
    },
    {
      "idiom": "mac",
      "scale": "2x",
      "size": "32x32",
      "filename": "icon-mac-32x32@2x.png"
    },
    {
      "idiom": "mac",
      "scale": "1x",
      "size": "128x128",
      "filename": "icon-mac-128x128.png"
    },
    {
      "idiom": "mac",
      "scale": "2x",
      "size": "128x128",
      "filename": "icon-mac-128x128@2x.png"
    },
    {
      "idiom": "mac",
      "scale": "1x",
      "size": "256x256",
      "filename": "icon-mac-256x256.png"
    },
    {
      "idiom": "mac",
      "scale": "2x",
      "size": "256x256",
      "filename": "icon-mac-256x256@2x.png"
    },
    {
      "idiom": "mac",
      "scale": "1x",
      "size": "512x512",
      "filename": "icon-mac-512x512.png"
    },
    {
      "idiom": "mac",
      "scale": "2x",
      "size": "512x512",
      "filename": "icon-mac-512x512@2x.png"
    },
    {
      "idiom": "universal",
      "platform": "watchos",
      "scale": "2x",
      "size": "22x22",
      "filename": "icon-watchos-22x22@2x.png"
    },
    {
      "idiom": "universal",
      "platform": "watchos",
      "scale": "2x",
      "size": "24x24",
      "filename": "icon-watchos-24x24@2x.png"
    },
    {
      "idiom": "universal",
      "platform": "watchos",
      "scale": "2x",
      "size": "27.5x27.5",
      "filename": "icon-watchos-27.5x27.5@2x.png"
    },
    {
      "idiom": "universal",
      "platform": "watchos",
      "scale": "2x",
      "size": "29x29",
      "filename": "icon-watchos-29x29@2x.png"
    },
    {
      "idiom": "universal",
      "platform": "watchos",
      "scale": "2x",
      "size": "30x30",
      "filename": "icon-watchos-30x30@2x.png"
    },
    {
      "idiom": "universal",
      "platform": "watchos",
      "scale": "2x",
      "size": "32x32",
      "filename": "icon-watchos-32x32@2x.png"
    },
    {
      "idiom": "universal",
      "platform": "watchos",
      "scale": "2x",
      "size": "33x33",
      "filename": "icon-watchos-33x33@2x.png"
    },
    {
      "idiom": "universal",
      "platform": "watchos",
      "scale": "2x",
      "size": "40x40",
      "filename": "icon-watchos-40x40@2x.png"
    },
    {
      "idiom": "universal",
      "platform": "watchos",
      "scale": "2x",
      "size": "43.5x43.5",
      "filename": "icon-watchos-43.5x43.5@2x.png"
    },
    {
      "idiom": "universal",
      "platform": "watchos",
      "scale": "2x",
      "size": "44x44",
      "filename": "icon-watchos-44x44@2x.png"
    },
    {
      "idiom": "universal",
      "platform": "watchos",
      "scale": "2x",
      "size": "46x46",
      "filename": "icon-watchos-46x46@2x.png"
    },
    {
      "idiom": "universal",
      "platform": "watchos",
      "scale": "2x",
      "size": "50x50",
      "filename": "icon-watchos-50x50@2x.png"
    },
    {
      "idiom": "universal",
      "platform": "watchos",
      "scale": "2x",
      "size": "51x51",
      "filename": "icon-watchos-51x51@2x.png"
    },
    {
      "idiom": "universal",
      "platform": "watchos",
      "scale": "2x",
      "size": "54x54",
      "filename": "icon-watchos-54x54@2x.png"
    },
    {
      "idiom": "universal",
      "platform": "watchos",
      "scale": "2x",
      "size": "86x86",
      "filename": "icon-watchos-86x86@2x.png"
    },
    {
      "idiom": "universal",
      "platform": "watchos",
      "scale": "2x",
      "size": "98x98",
      "filename": "icon-watchos-98x98@2x.png"
    },
    {
      "idiom": "universal",
      "platform": "watchos",
      "scale": "2x",
      "size": "108x108",
      "filename": "icon-watchos-108x108@2x.png"
    },
    {
      "idiom": "universal",
      "platform": "watchos",
      "scale": "2x",
      "size": "117x117",
      "filename": "icon-watchos-117x117@2x.png"
    },
    {
      "idiom": "universal",
      "platform": "watchos",
      "scale": "2x",
      "size": "129x129",
      "filename": "icon-watchos-129x129@2x.png"
    },
    {
      "idiom": "universal",
      "platform": "watchos",
      "size": "1024x1024",
      "filename": "icon-watchos-1024x1024.png"
    }
  ],
  "info": {
    "author": "makeappicon",
    "version": 1
  }
}